		<attribute name="numero" type="cnj:tipoNumeroUnico"
				   use="required">
			<annotation>
				<documentation>
					Número do processo judicial, no formado da numeração
					única determinado pela Resolução 65. Caso se trate
					de processo
					inicial, deverá ser utilizado o número
					'00000000000000000000'
				</documentation>
			</annotation>
		</attribute>

		<attribute name="competencia" type="int" use="optional">
			<annotation>
				<documentation>
					Identificador da competência a que pertence o
					processo, ou da competência a que ele se destina
					caso se trate de
					processo inicial
				</documentation>
			</annotation>
		</attribute>

		<attribute name="classeProcessual" type="int" use="required">
			<annotation>
				<documentation>
					Código da classe processual conforme Resolução 46.
				</documentation>
			</annotation>
		</attribute>


		<attribute name="principal" type="boolean" use="optional"
				   default="false">
			<annotation>
				<documentation>Atributo que informa se o assunto referido é o
					assunto principal do processo.
				</documentation>
			</annotation>
		</attribute>

        <element name="codigoNacional" type="int" maxOccurs="1"
                    minOccurs="1">
            <annotation>
                <documentation>
                    Elemento destinado a que se informe o código de
                    assunto existente na tabela nacional unificada
                    decorrente da
                    Resolução 46.
                </documentation>
            </annotation>
        </element>

		<attribute name="codigoAssunto" type="int" use="required">
			<annotation>
				<documentation>
					Atributo destinado a incluir a informação relativa
					ao
					código numérico utilizado localmente pelo
					tribunal.
				</documentation>
			</annotation>
		</attribute>

		<attribute name="codigoPaiNacional" type="int"
				   use="required">
			<annotation>
				<documentation>
					Atributo destinado à entrada do código de assunto
					nacional de que o assunto local é filho.
				</documentation>
			</annotation>
		</attribute>
